,precision,recall,f1-score,support
Bug,0.92,0.92,0.92,25.0
Feature,0.8666666666666667,0.52,0.65,25.0
Feedback,0.6857142857142857,0.96,0.8,25.0
accuracy,0.8,0.8,0.8,0.8
macro avg,0.824126984126984,0.7999999999999999,0.79,75.0
weighted avg,0.8241269841269842,0.8,0.79,75.0
